StartDate,EndDate,Status,IPAddress,Progress,Duration (in seconds),Finished,RecordedDate,ResponseId,LocationLatitude,LocationLongitude,DistributionChannel,UserLanguage,11,12,13,14,15,21,22,23,24,25,31,32,33,34,35,41,42,43,44,45,51,52,53,54,55,61,62,63,64,65,71,72,73,74,75,81,82,83,84,85,91,92,93,94,95,101,102,103,104,105
11/7/20 12:04,11/7/20 12:07,0,79.110.53.34,100,204,1,11/7/20 12:07,R_3KZmLhM9GxlzOFm,36.16850281,-115.1164017,anonymous,EN,3,7,3,3,2,3,2,7,3,3,7,7,7,7,7,7,7,7,7,7,4,3,4,2,1,3,7,6,3,7,8,8,8,8,8,8,8,8,8,8,4,3,6,7,8,8,8,8,9,7
11/7/20 12:04,11/7/20 12:08,0,75.190.204.157,100,230,1,11/7/20 12:08,R_BJTbzmzL62fahbz,35.40100098,-80.8687973,anonymous,EN,2,2,2,2,2,6,6,6,6,6,6,6,6,6,5,5,5,5,5,5,4,4,4,4,4,8,6,7,7,8,7,7,7,6,7,7,7,7,7,7,3,3,3,3,3,5,5,5,5,5
11/7/20 12:04,11/7/20 12:08,0,24.167.162.47,100,266,1,11/7/20 12:08,R_UxLAf8XxkoX6qBj,36.03219604,-79.8588028,anonymous,EN,4,3,4,4,4,4,4,4,4,4,5,5,5,5,5,4,4,4,4,4,3,3,3,4,3,6,6,6,7,7,6,7,7,7,6,7,7,7,7,6,4,4,4,4,4,5,5,5,5,5
11/7/20 12:05,11/7/20 12:08,0,122.164.33.143,100,223,1,11/7/20 12:08,R_2CwaqzLJonWy4zi,13.08779907,80.27850342,anonymous,EN,5,5,6,5,6,4,6,6,6,6,6,4,6,3,3,6,6,4,6,5,6,6,6,6,6,6,4,6,3,4,4,8,6,8,8,4,4,5,4,5,1,2,4,4,4,4,7,6,6,6
11/7/20 12:04,11/7/20 12:08,0,103.66.79.87,100,241,1,11/7/20 12:08,R_23fpZnxZtbx1clK,11.04200745,76.08151245,anonymous,EN,5,4,4,4,6,5,6,6,6,6,6,4,5,7,4,3,4,4,3,2,6,7,6,6,7,5,3,8,6,6,6,6,7,8,7,5,8,6,5,6,3,3,4,4,3,6,10,9,7,7
11/7/20 12:03,11/7/20 12:09,0,122.174.207.0,100,309,1,11/7/20 12:09,R_23ghon57YDl4r7n,13.08779907,80.27850342,anonymous,EN,4,4,4,4,7,6,4,6,4,4,2,4,2,3,3,3,4,3,3,4,3,4,4,5,4,7,6,8,8,4,7,8,8,8,7,4,4,3,3,3,3,4,3,2,3,7,7,6,7,7
11/7/20 12:06,11/7/20 12:09,0,47.196.90.173,100,179,1,11/7/20 12:09,R_2pRjgEPX8FrMrGw,27.90319824,-82.29109955,anonymous,EN,1,2,1,2,2,1,2,2,2,2,8,7,8,7,7,3,4,2,5,6,2,2,3,3,2,8,8,9,8,8,8,9,7,9,9,8,9,9,9,9,5,5,7,5,5,5,8,7,8,8
11/7/20 12:04,11/7/20 12:09,0,122.174.3.222,100,326,1,11/7/20 12:09,R_2Yt9EafEm58srWm,13.08779907,80.27850342,anonymous,EN,9,8,9,8,9,8,7,9,8,10,7,9,8,7,7,8,9,9,9,9,10,8,9,8,9,8,9,8,8,9,7,8,9,10,7,8,8,9,8,8,9,8,9,8,8,9,8,8,8,7
11/7/20 12:06,11/7/20 12:10,0,24.127.94.39,100,225,1,11/7/20 12:10,R_3sia7ZggDJ7OYms,42.64559937,-83.35630035,anonymous,EN,3,3,3,3,3,5,5,5,5,5,6,6,6,6,6,5,5,5,5,5,5,5,5,5,5,6,5,6,6,6,5,5,5,5,5,6,6,6,6,6,4,4,4,4,4,6,6,6,6,6
11/7/20 12:08,11/7/20 12:11,0,74.221.181.40,100,179,1,11/7/20 12:11,R_2ZQSr8BUgxdexsm,35.12120056,-85.30339813,anonymous,EN,4,4,4,4,3,4,3,3,3,3,5,5,5,5,5,4,4,4,4,4,6,6,6,6,6,4,4,4,4,4,6,5,5,5,5,4,4,6,4,4,6,3,3,3,3,7,7,7,7,7
11/7/20 12:05,11/7/20 12:11,0,122.164.42.42,100,359,1,11/7/20 12:11,R_3Htvl2VjVWem9sM,13.08779907,80.27850342,anonymous,EN,6,7,7,7,7,6,6,6,6,6,8,7,8,7,7,7,7,7,7,7,7,7,7,7,7,8,8,8,8,8,8,8,8,8,8,8,8,8,8,8,7,7,7,7,7,7,7,7,7,7
11/7/20 12:07,11/7/20 12:12,0,68.81.42.79,100,285,1,11/7/20 12:12,R_2YrmrxVGo8IHGKs,40.2684021,-75.39029694,anonymous,EN,3,4,4,4,3,4,4,4,3,4,7,7,7,7,8,4,4,4,4,4,3,3,3,3,2,7,7,8,8,8,7,7,7,7,7,8,7,8,8,8,3,3,3,3,3,4,4,4,3,4
11/7/20 12:06,11/7/20 12:13,0,122.174.170.47,100,420,1,11/7/20 12:13,R_2SC4QkB7xDFx5PD,13.08779907,80.27850342,anonymous,EN,6,6,6,6,6,4,4,4,4,4,4,4,4,4,4,3,3,3,3,3,4,4,4,4,4,6,4,6,6,4,6,6,6,6,6,6,6,6,6,6,4,4,4,4,4,4,4,4,4,4
11/7/20 12:09,11/7/20 12:13,0,122.174.161.30,100,225,1,11/7/20 12:13,R_2z6ZyxjSkhPw5w0,9.93989563,76.26019287,anonymous,EN,6,6,6,5,6,6,5,6,6,6,5,6,5,6,6,5,5,6,5,6,6,6,6,7,6,5,4,6,6,6,8,6,8,8,7,6,6,6,6,6,6,4,4,6,4,6,6,6,5,6
11/7/20 12:04,11/7/20 12:13,0,122.164.229.0,100,509,1,11/7/20 12:13,R_3HLEOvnppHtTujV,13.08779907,80.27850342,anonymous,EN,8,8,7,6,8,6,7,4,6,4,6,7,8,8,8,7,7,4,4,4,7,8,6,8,8,7,8,8,7,8,8,7,8,8,4,6,6,8,4,4,6,6,4,6,8,7,8,7,6,8
11/7/20 12:09,11/7/20 12:14,0,171.49.189.184,100,345,1,11/7/20 12:14,R_1guvrTxb3ydtfup,13.08779907,80.27850342,anonymous,EN,9,8,9,8,8,9,9,9,9,9,8,8,10,9,9,9,9,9,10,10,8,9,9,9,8,9,9,8,9,8,8,8,9,9,9,10,10,8,8,8,8,9,8,8,8,9,9,9,9,9
11/7/20 12:08,11/7/20 12:15,0,103.217.234.231,100,417,1,11/7/20 12:15,R_1ePJWJioV7AHViH,22.56260681,88.36300659,anonymous,EN,6,6,5,4,5,7,7,7,6,7,7,6,6,6,6,3,3,3,3,3,8,8,8,8,8,7,7,7,8,8,7,6,6,7,7,7,7,7,7,6,7,6,5,4,4,6,6,6,5,7
11/7/20 12:13,11/7/20 12:17,0,172.58.11.89,100,250,1,11/7/20 12:17,R_ezDUcuL1UcaFXpv,25.81170654,-80.20670319,anonymous,EN,3,3,3,3,3,7,7,7,7,6,4,4,4,4,4,6,6,6,6,5,6,6,6,6,6,7,7,7,7,7,6,6,4,6,4,6,6,6,6,6,6,6,6,6,6,5,5,4,5,4
11/7/20 12:12,11/7/20 12:17,0,47.214.24.48,100,279,1,11/7/20 12:17,R_2TR9K1ckCTj5bCT,36.66940308,-93.24490356,anonymous,EN,4,4,4,4,3,4,5,5,4,5,5,5,5,5,5,4,3,3,3,3,4,4,4,4,4,9,8,8,8,8,7,6,6,6,6,7,7,7,7,7,6,6,7,6,6,6,6,6,6,6
11/7/20 12:12,11/7/20 12:17,0,122.174.232.192,100,325,1,11/7/20 12:17,R_1DNoOSRddynIzea,13.08779907,80.27850342,anonymous,EN,7,7,6,6,7,4,6,8,6,7,6,7,8,7,7,7,7,6,8,6,7,7,7,7,6,7,7,7,6,7,8,7,7,7,7,6,7,7,8,7,5,7,6,5,7,7,7,8,6,7
11/7/20 12:15,11/7/20 12:17,0,172.116.202.216,100,162,1,11/7/20 12:17,R_DCBxKZGO2k8IgRX,33.6598053,-117.3484955,anonymous,EN,4,4,4,4,4,5,5,5,5,5,5,5,5,5,5,4,4,5,5,5,4,4,4,4,4,5,5,8,5,5,5,5,5,5,5,6,6,5,5,5,4,5,5,5,6,5,5,5,5,6
11/7/20 12:14,11/7/20 12:17,0,103.110.237.224,100,236,1,11/7/20 12:18,R_1gu2mzUCT7hE9cE,11.34280396,77.72738647,anonymous,EN,4,5,5,5,5,6,7,8,9,6,6,9,7,6,7,4,6,7,5,5,6,6,7,8,6,8,9,8,8,9,9,9,10,9,8,4,5,4,4,4,6,5,5,4,3,6,8,7,7,6
11/7/20 12:06,11/7/20 12:18,0,122.174.83.69,100,730,1,11/7/20 12:18,R_xFMphLBRukbOXkd,13.08779907,80.27850342,anonymous,EN,6,6,6,6,6,8,8,8,8,8,6,6,6,6,6,7,7,7,7,7,7,7,7,7,7,6,6,6,6,6,6,6,6,6,6,6,6,6,6,6,6,6,6,6,6,7,7,7,7,7
11/7/20 12:17,11/7/20 12:20,0,71.202.98.199,100,168,1,11/7/20 12:20,R_cutLAdEHTkmUknL,37.5625,-122.0003967,anonymous,EN,4,5,4,4,4,5,5,5,5,5,5,5,5,5,5,5,5,5,5,5,5,5,5,4,5,5,5,5,5,5,5,5,5,5,5,5,5,5,5,5,5,5,5,5,4,6,6,6,6,6
11/7/20 12:15,11/7/20 12:20,0,122.174.239.232,100,291,1,11/7/20 12:20,R_ebO1RCECx7nnMYh,13.08779907,80.27850342,anonymous,EN,7,7,7,7,9,9,9,9,9,9,7,7,7,9,7,9,9,9,9,9,9,9,9,9,9,7,7,7,7,9,7,7,7,7,7,7,7,7,7,7,9,7,7,7,7,9,9,9,9,9
11/7/20 12:16,11/7/20 12:20,0,75.71.58.204,100,251,1,11/7/20 12:20,R_2ZUDiMmeg30q8JU,39.82940674,-104.9095001,anonymous,EN,4,4,4,3,4,5,5,5,5,5,6,6,6,6,6,6,6,6,6,6,6,6,6,6,6,8,7,7,8,7,6,7,6,7,7,7,7,7,7,7,4,4,5,4,4,7,7,7,7,7
11/7/20 12:16,11/7/20 12:24,0,122.174.111.210,100,445,1,11/7/20 12:24,R_1HpzRipoutVdg3k,13.08779907,80.27850342,anonymous,EN,8,9,10,9,8,9,8,8,7,9,7,9,9,7,8,8,9,8,10,8,9,9,8,9,6,7,8,7,9,9,9,10,10,9,8,9,9,10,10,8,8,7,8,9,9,7,8,9,8,8
11/7/20 12:12,11/7/20 12:24,0,183.83.254.61,100,746,1,11/7/20 12:24,R_274gPYYKnoh9NQh,17.68009949,83.20159912,anonymous,EN,7,7,6,6,8,5,4,4,4,5,8,8,6,7,8,6,6,6,6,5,7,7,8,7,7,9,9,9,9,9,9,9,9,9,9,9,10,10,9,9,3,5,4,5,5,8,7,7,7,8
11/7/20 12:10,11/7/20 12:27,0,106.217.251.226,100,1007,1,11/7/20 12:27,R_3j80pwyF845K56O,16.29969788,80.45730591,anonymous,EN,6,6,6,6,6,5,5,4,5,4,6,6,6,7,6,6,6,6,6,6,7,7,7,7,7,9,9,8,9,9,8,9,9,9,9,9,9,9,9,9,4,4,4,4,5,7,7,7,7,7
11/7/20 12:29,11/7/20 12:32,0,98.144.251.73,100,170,1,11/7/20 12:32,R_3dKcYd2W3nuqXL1,42.88949585,-87.90740204,anonymous,EN,3,3,3,3,3,6,5,5,5,5,5,5,5,5,5,6,4,4,4,4,4,4,4,4,4,5,5,5,5,5,6,5,5,6,6,6,6,6,6,6,5,5,5,5,5,6,6,5,6,6
11/7/20 12:25,11/7/20 12:32,0,42.109.138.175,100,399,1,11/7/20 12:32,R_1MS7YBBDaikE68J,11.00549316,76.96609497,anonymous,EN,5,6,4,5,5,5,5,5,5,5,6,7,6,6,6,3,3,4,4,3,4,4,5,5,4,7,7,7,8,7,6,7,7,7,6,6,6,6,6,6,2,3,2,3,2,7,7,6,7,6
11/7/20 12:25,11/7/20 12:34,0,67.186.29.207,100,535,1,11/7/20 12:34,R_24kfJnjrvRMwBs1,40.3052063,-79.54180145,anonymous,EN,3,2,3,2,3,9,10,9,10,9,7,7,9,7,8,3,2,2,3,3,9,10,10,10,10,10,10,10,10,10,8,10,9,7,7,10,10,10,10,10,6,6,6,7,6,8,8,7,8,8
11/7/20 12:32,11/7/20 12:36,0,184.91.226.29,100,257,1,11/7/20 12:36,R_51KXm8fF8QYKDDj,29.02470398,-80.95839691,anonymous,EN,5,5,5,5,5,6,6,6,6,6,7,7,7,7,7,6,6,6,6,6,5,5,5,5,5,8,8,8,8,8,8,8,8,8,8,8,8,8,8,8,7,7,7,7,7,8,8,8,8,8
11/7/20 12:30,11/7/20 12:36,0,45.127.44.7,100,349,1,11/7/20 12:36,R_2B8JuCOssnBfbwh,19.07479858,72.88560486,anonymous,EN,4,4,4,4,4,6,6,6,6,6,6,5,6,5,6,6,6,6,5,6,6,6,6,6,6,10,10,10,10,10,6,7,7,6,6,9,8,8,8,8,7,7,7,7,7,7,7,7,7,7
11/7/20 12:23,11/7/20 12:37,0,65.186.218.58,100,864,1,11/7/20 12:37,R_1ImvSt0M3ascGPz,40.24589539,-83.36029816,anonymous,EN,4,4,4,4,4,4,6,4,5,5,7,7,7,7,7,2,2,3,2,3,4,4,4,4,3,7,7,7,7,7,6,7,6,7,7,6,7,6,7,7,3,3,3,3,3,4,5,6,6,4
11/7/20 12:33,11/7/20 12:37,0,24.89.26.5,100,265,1,11/7/20 12:37,R_1Kq0hYprO65zio2,39.6342926,-77.73370361,anonymous,EN,3,4,3,4,3,5,5,5,5,4,7,7,7,7,5,6,5,6,6,6,5,5,4,4,4,6,6,5,6,6,7,8,8,8,7,6,7,7,7,6,5,5,5,5,4,8,7,8,7,7
11/7/20 12:35,11/7/20 12:40,0,73.240.82.174,100,269,1,11/7/20 12:40,R_2eX4i4udIzSPzWq,44.59280396,-123.2745972,anonymous,EN,3,3,3,3,3,5,5,5,5,5,7,7,7,7,7,6,6,6,6,6,4,4,4,4,4,6,7,6,6,6,8,8,8,7,7,5,5,5,5,5,6,6,6,6,6,7,7,7,6,7
11/7/20 12:34,11/7/20 12:40,0,38.126.71.6,100,366,1,11/7/20 12:40,R_BEYZJbk9gUcWTO9,45.52879333,-122.6820984,anonymous,EN,3,3,3,3,4,5,5,5,5,5,4,4,5,4,4,5,5,5,5,5,5,5,5,5,5,6,6,6,6,6,6,6,5,5,5,8,8,8,8,9,4,4,4,4,4,7,7,7,7,6
11/7/20 12:42,11/7/20 12:44,0,68.191.33.60,100,93,1,11/7/20 12:44,R_3Ppfgovb16hPwC3,41.33189392,-73.23670197,anonymous,EN,5,0,4,4,0,7,9,0,7,0,9,5,5,0,1,0,0,5,4,0,7,5,0,0,5,5,5,7,6,0,0,5,1,6,4,4,0,4,5,4,4,0,0,7,5,5,0,0,5,5
11/7/20 12:40,11/7/20 12:44,0,66.108.194.46,100,261,1,11/7/20 12:44,R_WCdRq3JDnQ5eFBT,40.69400024,-73.8219986,anonymous,EN,2,2,2,2,2,5,5,5,5,6,5,5,5,5,5,5,5,5,4,2,5,5,5,5,5,5,7,8,6,5,6,5,6,6,6,7,5,6,6,6,5,5,4,5,5,6,6,7,6,6
11/7/20 12:46,11/7/20 12:50,0,174.80.211.124,100,265,1,11/7/20 12:50,R_2tKEgLzdWqAsWrF,34.96890259,-82.14800262,anonymous,EN,4,4,4,4,4,5,5,5,5,6,8,8,7,7,7,5,6,5,5,5,6,6,5,6,6,8,8,8,8,8,8,8,8,8,8,9,9,9,9,9,5,5,5,5,5,6,7,6,6,6
11/7/20 12:48,11/7/20 12:50,0,100.8.53.41,100,163,1,11/7/20 12:50,R_3qImhmILk0rJJqB,40.84919739,-73.97350311,anonymous,EN,1,1,1,1,1,1,2,1,2,1,2,2,2,2,2,2,2,2,2,2,2,3,3,2,2,5,6,5,4,3,6,5,4,5,5,7,7,6,5,6,2,2,1,2,2,5,5,5,5,5
11/7/20 12:48,11/7/20 12:52,0,70.32.0.58,100,287,1,11/7/20 12:52,R_3jeUVnYsQD7aVHc,39.0480957,-77.47280121,anonymous,EN,3,3,3,3,3,3,3,2,3,3,5,5,5,5,4,4,5,4,4,4,4,4,4,4,4,7,6,7,7,6,5,5,5,5,5,7,7,7,7,7,5,4,4,4,4,5,4,5,5,6
11/7/20 12:13,11/7/20 12:57,0,59.92.30.5,100,2601,1,11/7/20 12:57,R_3fvDaf3AM9LbB7L,11.65379333,78.15539551,anonymous,EN,6,7,6,6,6,8,7,7,7,7,9,8,7,8,10,6,7,7,9,8,7,7,8,4,7,9,9,6,7,8,8,8,8,9,7,7,8,8,8,9,4,4,4,4,4,6,7,8,8,6
11/7/20 12:56,11/7/20 12:59,0,73.98.247.3,100,215,1,11/7/20 12:59,R_b2BEKCERhaSi945,40.75,-111.9208984,anonymous,EN,4,4,4,4,4,5,5,5,6,5,6,6,5,6,6,5,6,5,6,6,7,5,6,5,6,7,6,6,5,6,5,6,6,6,6,9,8,8,8,8,5,5,5,4,5,5,5,5,5,5
11/7/20 12:54,11/7/20 13:00,0,73.79.166.153,100,352,1,11/7/20 13:00,R_yDVeq1UCPAazBW9,40.07780457,-80.97879791,anonymous,EN,3,3,1,1,1,6,6,7,6,7,8,8,8,6,8,3,4,4,6,4,6,8,7,7,6,9,7,7,8,8,6,8,7,7,7,6,7,7,8,5,0,1,2,2,1,2,7,3,4,4
11/7/20 12:56,11/7/20 13:01,0,41.254.65.232,100,352,1,11/7/20 13:01,R_vxF3KvTyk33HPtD,32.89079285,13.17959595,anonymous,EN,3,4,3,3,3,5,5,5,5,5,6,6,6,6,7,4,4,4,4,4,6,6,6,6,6,7,7,7,8,8,6,6,6,6,6,7,7,7,7,7,5,5,4,5,4,7,7,7,7,7
11/7/20 13:04,11/7/20 13:08,0,73.79.166.153,100,242,1,11/7/20 13:08,R_1hXvi1N6zFT1X1C,40.07780457,-80.97879791,anonymous,EN,2,1,1,0,3,4,5,6,7,6,8,8,6,6,6,0,2,1,1,1,6,5,6,5,5,8,6,8,8,7,7,7,7,7,7,7,6,6,7,8,1,1,1,1,1,2,7,2,1,0
11/7/20 13:03,11/7/20 13:10,0,124.123.164.237,100,443,1,11/7/20 13:10,R_puYtMPCLxXfhDcB,17.38400269,78.45639038,anonymous,EN,3,3,3,3,4,3,3,3,3,3,6,6,6,6,6,6,6,6,6,6,3,4,4,4,3,6,6,6,6,6,6,6,6,7,6,6,6,6,6,6,1,2,1,1,1,6,6,6,6,6
11/7/20 13:09,11/7/20 13:13,0,115.98.151.202,100,239,1,11/7/20 13:13,R_1gj77VaFi0HHdBF,17.38409424,78.45639038,anonymous,EN,4,4,4,4,3,4,4,4,4,4,8,8,8,8,8,6,6,6,6,6,3,3,3,3,3,7,7,7,7,7,6,6,6,6,6,7,7,7,7,6,4,4,3,4,3,4,4,4,4,4
11/7/20 13:08,11/7/20 13:13,0,72.182.198.99,100,320,1,11/7/20 13:13,R_3ee2XbgPdNiZzi3,32.84890747,-96.96669769,anonymous,EN,5,5,5,5,5,5,5,5,5,5,6,6,6,6,6,6,6,6,6,6,6,6,6,5,6,6,6,6,6,6,6,6,6,6,6,6,6,6,6,6,5,5,5,5,5,7,7,7,7,7
11/7/20 13:10,11/7/20 13:14,0,12.129.64.197,100,219,1,11/7/20 13:14,R_3pi3HrRKTnD4YiL,37.75100708,-97.8219986,anonymous,EN,4,5,4,4,5,5,6,5,6,5,7,8,7,7,8,7,7,7,7,6,5,6,5,5,5,7,8,8,8,8,7,7,7,7,7,8,8,8,8,7,6,5,5,6,6,8,7,7,8,8
11/7/20 13:16,11/7/20 13:20,0,24.181.96.39,100,251,1,11/7/20 13:20,R_3elTZU73GZbrPCw,34.54849243,-87.00360107,anonymous,EN,4,4,3,4,4,6,6,7,7,7,6,6,7,6,7,4,4,4,4,4,6,6,6,6,6,8,8,9,9,9,6,7,7,8,7,9,9,9,8,9,4,4,4,6,6,7,7,7,6,7
11/7/20 13:18,11/7/20 13:21,0,99.135.157.46,100,203,1,11/7/20 13:21,R_3JLwtnT7JfaRzJD,41.83790588,-88.084198,anonymous,EN,2,2,3,3,2,8,7,7,7,7,6,5,5,4,3,4,3,4,3,4,5,4,5,5,5,5,6,7,7,7,5,7,7,6,6,6,6,7,6,7,4,5,4,4,4,5,4,4,3,3
11/7/20 13:16,11/7/20 13:22,0,67.1.115.243,100,354,1,11/7/20 13:22,R_Rh5tPUpBwlP7XMd,32.24479675,-111.0214005,anonymous,EN,3,3,3,3,3,5,5,5,5,5,6,6,6,6,6,4,4,4,4,4,6,6,6,6,6,8,8,8,8,8,7,7,7,7,7,8,8,8,8,8,5,5,5,5,6,6,6,6,6,6
11/7/20 13:18,11/7/20 13:22,0,159.250.48.144,100,214,1,11/7/20 13:22,R_VPFa5GAXBIclwLT,40.06869507,-79.7677002,anonymous,EN,0,0,0,0,0,6,6,6,6,6,1,1,1,1,1,1,1,1,1,1,5,5,5,5,4,6,6,6,6,6,4,5,5,5,5,6,6,6,6,6,1,1,0,1,1,6,6,6,6,6
11/7/20 13:17,11/7/20 13:24,0,89.205.124.28,100,433,1,11/7/20 13:24,R_1lxz1hp3NTLxFBU,41.99729919,21.43249512,anonymous,EN,2,2,2,2,2,2,2,2,2,2,3,3,3,3,3,4,4,5,4,4,5,5,5,5,5,7,7,7,7,7,6,6,4,6,6,5,6,5,5,5,3,3,3,2,3,7,7,7,7,7
11/7/20 13:22,11/7/20 13:27,0,174.97.184.89,100,263,1,11/7/20 13:27,R_2eb4DyDxt9CVeMm,44.48199463,-88.01850128,anonymous,EN,5,5,5,5,5,8,8,8,8,8,6,6,6,6,6,6,6,6,6,6,6,6,6,6,6,8,8,8,8,8,7,7,7,7,7,7,7,7,7,7,7,7,7,7,7,6,6,6,6,6
11/7/20 13:21,11/7/20 13:28,0,148.74.67.218,100,375,1,11/7/20 13:28,R_3IVK2IuwRrQAvJE,40.69729614,-73.32710266,anonymous,EN,5,5,6,5,5,5,5,5,6,5,5,5,5,6,5,6,7,7,7,7,4,4,5,5,5,7,6,6,6,6,6,8,7,8,7,9,9,9,9,9,4,4,5,5,3,6,7,7,7,7
11/7/20 13:27,11/7/20 13:30,0,47.149.21.163,100,207,1,11/7/20 13:30,R_31MLfXiETYAYdhj,34.04299927,-117.7556,anonymous,EN,3,3,3,3,3,5,5,5,5,5,5,5,5,5,5,3,3,3,3,3,6,6,5,6,5,8,8,8,7,8,7,6,6,7,6,8,8,8,8,8,6,5,6,5,5,6,6,6,6,6
11/7/20 13:27,11/7/20 13:34,0,172.58.23.218,100,383,1,11/7/20 13:34,R_2S0GluDmgagy5K5,33.74989319,-117.9071045,anonymous,EN,4,4,4,3,4,6,6,6,6,6,5,5,5,5,4,4,4,4,4,4,6,6,6,6,6,7,7,7,8,7,7,7,7,7,7,7,7,7,7,7,4,4,4,4,4,8,8,8,8,8
11/7/20 13:27,11/7/20 13:37,0,47.134.82.194,100,561,1,11/7/20 13:37,R_31AdWRY0qgJQrrK,36.73280334,-76.58979797,anonymous,EN,7,7,7,7,7,8,8,8,8,8,7,8,8,8,8,8,8,8,8,8,8,8,8,8,8,8,8,8,8,8,8,8,8,8,8,8,8,8,8,8,8,8,8,8,8,8,8,8,8,8
11/7/20 13:35,11/7/20 13:41,0,24.209.234.11,100,373,1,11/7/20 13:41,R_2q8n4egKIfYwkdz,39.11909485,-84.34899902,anonymous,EN,7,7,7,7,7,8,7,7,8,8,8,8,8,8,8,7,7,7,7,7,8,8,8,7,8,9,9,9,9,9,9,9,9,9,9,10,10,10,10,10,8,8,8,8,8,9,8,9,9,9
11/7/20 13:43,11/7/20 13:49,0,96.37.37.113,100,398,1,11/7/20 13:49,R_3irHBK1FIwVabi0,34.82949829,-82.58119965,anonymous,EN,3,5,2,2,5,5,6,4,6,4,8,7,7,7,8,6,7,6,5,7,3,3,3,4,3,8,8,8,8,9,8,8,7,7,8,6,8,6,6,7,7,8,6,7,7,6,7,7,6,7
11/7/20 13:49,11/7/20 13:53,0,24.167.160.145,100,252,1,11/7/20 13:53,R_2QoEIbge9KvAsxu,36.03219604,-79.8588028,anonymous,EN,6,6,6,6,5,7,7,7,7,7,8,8,7,7,7,7,7,7,7,7,7,7,7,7,6,8,8,8,9,9,8,8,8,8,8,9,9,9,8,8,6,6,6,6,6,7,7,7,7,7
11/7/20 13:49,11/7/20 13:55,0,50.49.107.188,100,365,1,11/7/20 13:55,R_2Wx8URr2aIQ5xIs,43.11399841,-77.56890106,anonymous,EN,3,3,3,3,3,5,5,5,6,5,4,4,4,4,4,5,5,5,5,5,5,5,5,5,5,5,5,5,5,5,5,5,5,5,5,5,5,5,5,5,3,3,3,3,3,6,5,6,6,6
11/7/20 13:47,11/7/20 13:59,0,184.17.80.15,100,731,1,11/7/20 13:59,R_8IfUzknevNAfwPL,41.05369568,-85.251297,anonymous,EN,6,6,5,6,6,5,5,5,5,5,6,6,6,6,6,6,6,6,6,6,5,5,6,5,6,7,7,8,7,7,7,6,6,6,7,7,7,7,7,7,7,6,7,6,7,6,6,6,6,6
11/7/20 13:59,11/7/20 14:03,0,173.187.71.2,100,242,1,11/7/20 14:03,R_scmnRZYwFYRXD2x,31.49719238,-95.44470215,anonymous,EN,1,1,2,1,1,3,4,4,4,4,6,7,7,7,7,5,4,5,5,5,3,3,3,3,3,4,6,6,6,6,3,2,3,3,4,4,6,6,6,6,2,4,3,4,3,4,4,5,4,4
11/7/20 14:01,11/7/20 14:07,0,71.190.16.31,100,367,1,11/7/20 14:07,R_TiU1JQwXEeoWcQV,40.68009949,-73.92070007,anonymous,EN,0,0,1,0,1,1,1,1,1,1,1,4,4,4,4,3,3,3,3,2,6,5,3,4,5,6,6,8,8,7,3,3,4,3,4,6,6,6,6,4,2,0,0,1,2,6,6,5,6,6
11/7/20 14:21,11/7/20 14:27,0,73.189.103.206,100,382,1,11/7/20 14:27,R_bIykA5SUzkjHSLv,37.47749329,-122.4505005,anonymous,EN,6,6,6,6,6,0,0,0,0,0,6,6,6,6,6,0,0,0,0,0,0,0,0,0,0,8,8,8,8,8,8,8,8,8,8,8,8,8,8,8,6,6,6,6,7,0,0,0,0,0
11/7/20 14:26,11/7/20 14:40,0,109.78.161.139,100,818,1,11/7/20 14:40,R_3W60lBaBp90Z7Q5,53.33309937,-6.248901367,anonymous,EN,2,3,2,2,2,2,2,3,3,4,5,5,5,5,5,2,3,2,2,2,2,2,2,2,2,6,6,6,6,6,4,4,4,5,4,5,5,4,4,4,4,4,4,4,4,3,3,3,3,2
11/7/20 14:39,11/7/20 14:42,0,68.55.94.91,100,173,1,11/7/20 14:42,R_28V3JBaap7MpPFL,42.65629578,-83.12310028,anonymous,EN,3,3,3,3,3,5,5,5,5,5,4,5,3,3,4,4,5,4,4,4,4,4,4,5,4,8,8,8,8,8,6,6,6,6,6,5,4,5,5,4,6,6,6,6,5,4,4,4,5,4
11/7/20 14:42,11/7/20 14:46,0,35.136.195.181,100,275,1,11/7/20 14:46,R_Z1VEy18JCxSLzxv,28.92840576,-82.49210358,anonymous,EN,4,4,4,4,5,5,5,5,5,5,6,6,6,6,6,3,3,3,3,4,3,3,3,3,3,8,7,8,8,8,7,7,7,6,7,7,7,7,7,7,5,5,5,5,5,5,5,5,5,5
11/7/20 14:43,11/7/20 14:47,0,49.206.170.253,100,250,1,11/7/20 14:47,R_skbR6252mzmP4el,28.65190125,77.23150635,anonymous,EN,4,4,4,6,4,4,9,4,7,4,9,7,7,6,3,6,3,6,5,3,4,4,8,4,4,8,8,8,10,8,9,7,9,9,8,7,10,7,7,7,4,7,7,4,5,6,4,9,7,6
11/7/20 14:47,11/7/20 14:50,0,67.188.112.154,100,221,1,11/7/20 14:50,R_2zceOqgRv3EQZDG,37.38589478,-122.0881958,anonymous,EN,3,4,4,4,4,6,7,6,7,5,7,6,6,6,6,4,4,4,4,4,5,4,5,5,4,4,4,5,6,6,7,8,8,7,7,7,6,6,6,6,4,4,5,4,4,6,6,6,6,6
11/7/20 15:26,11/7/20 15:30,0,174.78.104.114,100,234,1,11/7/20 15:30,R_SN6v7jb7g8wJLeV,29.61380005,-82.38600159,anonymous,EN,2,2,2,2,2,4,4,4,4,4,5,5,5,5,5,4,4,5,5,5,7,7,7,7,7,8,8,8,8,8,6,5,6,6,6,7,7,7,7,6,6,6,6,6,6,8,8,8,8,8
11/7/20 15:40,11/7/20 15:49,0,104.4.233.225,100,575,1,11/7/20 15:49,R_2xJ0AJWmv3horIo,33.91679382,-118.3432007,anonymous,EN,1,1,1,1,1,3,3,3,3,3,4,5,4,4,4,4,4,4,4,4,3,4,4,3,4,5,5,5,5,5,5,5,5,5,5,6,6,6,6,6,2,2,2,2,2,6,6,6,6,6
11/7/20 16:03,11/7/20 16:10,0,192.241.176.211,100,391,1,11/7/20 16:10,R_2A1kjqaBoM9T0jA,40.73080444,-73.99749756,anonymous,EN,2,1,1,1,1,6,6,6,6,5,7,7,8,7,8,7,8,9,9,8,1,2,2,2,1,5,5,5,5,6,8,7,7,7,8,9,9,9,9,8,7,7,4,7,4,9,9,9,9,9
11/7/20 16:09,11/7/20 16:13,0,135.180.77.107,100,240,1,11/7/20 16:13,R_3qPD7RQeGqpb4l4,37.75619507,-122.4866028,anonymous,EN,2,2,3,2,2,3,3,3,4,4,6,6,6,6,6,5,5,6,5,5,3,3,4,4,4,6,6,7,7,7,8,8,8,8,8,8,9,9,8,9,7,6,6,6,6,5,5,5,5,5
11/7/20 16:13,11/7/20 16:18,0,73.121.1.84,100,289,1,11/7/20 16:18,R_2YWhyjSik70t7OX,36.25669861,-83.19139862,anonymous,EN,4,5,5,5,5,5,5,4,4,5,6,6,6,6,6,6,6,6,6,6,4,4,4,4,4,8,8,8,8,7,7,7,7,6,7,6,6,7,8,7,6,4,4,4,4,7,7,6,7,6
11/7/20 16:04,11/7/20 16:21,0,143.59.122.10,100,1029,1,11/7/20 16:21,R_1DVePuWrgWkfsi0,40.05349731,-83.01869965,anonymous,EN,4,4,4,5,4,5,4,4,4,5,6,6,7,6,5,6,6,7,7,8,4,6,4,4,5,6,4,8,8,8,7,7,7,7,8,8,8,8,8,8,6,6,6,6,8,4,6,4,4,7
11/7/20 16:43,11/7/20 16:46,0,71.204.55.74,100,187,1,11/7/20 16:46,R_3MM5sXfL02RTMeX,33.93809509,-84.46330261,anonymous,EN,2,2,2,3,2,4,5,5,5,5,4,3,3,3,3,4,4,4,4,3,4,4,4,4,4,9,9,9,9,9,6,6,7,6,6,7,7,7,7,5,2,2,2,2,2,7,7,7,7,7
11/7/20 17:12,11/7/20 17:17,0,173.88.8.208,100,295,1,11/7/20 17:17,R_3O0sRoJ3WHh0xK0,40.74159241,-84.15219879,anonymous,EN,2,2,1,2,2,7,7,8,8,7,5,5,5,5,5,2,2,2,2,2,4,6,4,6,6,8,8,8,8,8,7,7,6,7,7,8,8,8,8,8,2,2,2,2,1,3,6,6,8,6
11/7/20 17:12,11/7/20 17:19,0,76.86.237.127,100,421,1,11/7/20 17:19,R_2rkdQoT01t9LUQM,34.12109375,-117.436203,anonymous,EN,5,4,4,5,5,6,6,6,6,6,7,7,8,7,7,7,7,7,7,7,5,5,5,5,5,7,7,7,7,7,7,7,7,7,7,5,7,7,7,7,8,7,6,7,7,7,7,7,6,6
11/7/20 17:24,11/7/20 17:30,0,157.51.146.75,100,401,1,11/7/20 17:30,R_1NxeQY4RnVPsFzt,13.08779907,80.27850342,anonymous,EN,5,5,5,5,4,5,4,5,5,6,4,5,5,4,4,5,5,4,5,4,6,6,6,6,6,7,7,8,7,7,8,8,8,8,8,6,6,5,6,5,5,5,4,4,4,8,8,8,8,8
11/7/20 17:49,11/7/20 17:56,0,157.49.242.29,100,443,1,11/7/20 17:56,R_SDAr3F8TdGONB3b,13.08779907,80.27850342,anonymous,EN,3,3,3,3,3,3,3,3,3,3,6,6,6,6,6,3,3,3,3,3,3,3,3,3,3,5,5,5,5,5,5,6,5,5,5,4,5,5,4,5,3,3,3,3,3,4,4,4,5,5
11/7/20 18:00,11/7/20 18:16,0,157.49.234.45,100,929,1,11/7/20 18:16,R_1DTCPYX0q21zOOY,13.08779907,80.27850342,anonymous,EN,7,8,7,7,7,3,7,7,7,6,9,8,6,6,4,6,3,5,2,2,7,5,5,6,7,10,9,10,10,10,10,9,8,8,8,10,9,9,9,7,7,5,6,5,2,8,8,7,7,7
11/7/20 18:14,11/7/20 18:19,0,24.158.191.7,100,269,1,11/7/20 18:19,R_3vCOwQJONyWofT3,34.75689697,-84.79350281,anonymous,EN,2,1,4,3,3,5,5,5,5,4,4,3,2,3,2,3,3,3,2,5,3,3,3,3,2,7,6,7,6,6,6,7,6,6,6,8,8,8,8,7,2,1,1,1,1,7,4,3,3,5
11/7/20 18:12,11/7/20 18:20,0,157.49.232.211,100,463,1,11/7/20 18:20,R_w7Wr7HSLS4leHe1,13.08779907,80.27850342,anonymous,EN,7,7,6,7,6,4,4,4,6,4,8,7,7,7,8,4,3,3,3,4,7,7,7,7,7,7,7,8,7,7,8,8,8,8,8,6,4,4,4,4,3,3,3,3,3,7,7,8,8,8
11/7/20 18:22,11/7/20 18:29,0,117.248.37.108,100,367,1,11/7/20 18:29,R_1OrXQdbiNhuwN5s,10.80290222,78.6987915,anonymous,EN,2,4,4,2,5,3,4,4,4,4,6,5,4,4,5,4,4,4,4,3,3,2,3,4,2,6,6,9,8,9,7,9,6,7,8,9,9,9,6,8,2,1,1,0,0,5,4,5,5,4
11/7/20 18:26,11/7/20 18:33,0,67.249.189.129,100,427,1,11/7/20 18:33,R_3J7MmsEBfOQmyxO,43.03070068,-74.98760223,anonymous,EN,5,4,5,4,4,7,7,7,7,6,6,6,4,6,4,8,8,7,7,8,7,7,8,7,7,7,7,7,7,7,7,8,7,7,7,8,8,8,8,6,5,6,6,5,4,8,9,8,9,9
11/7/20 18:28,11/7/20 18:34,0,106.220.204.155,100,364,1,11/7/20 18:34,R_1EYw2BoFII757vE,18.51960754,73.85539246,anonymous,EN,7,6,6,7,6,7,7,7,7,7,8,8,8,8,8,7,7,7,7,7,6,5,6,5,6,7,7,7,7,8,8,8,8,8,9,8,8,9,8,9,7,7,5,5,6,8,8,8,8,9
11/7/20 18:33,11/7/20 18:37,0,166.182.252.227,100,267,1,11/7/20 18:37,R_YXjITzAy2joMhcB,43.03959656,-87.91059875,anonymous,EN,3,4,4,4,3,5,4,4,4,5,4,4,4,4,3,4,4,4,4,4,4,4,4,5,4,6,6,6,7,5,6,5,6,6,5,9,9,9,9,9,4,3,4,4,3,5,6,6,6,6
11/7/20 18:29,11/7/20 18:41,0,42.109.132.61,100,697,1,11/7/20 18:41,R_21081T45d410UWA,13.08779907,80.27850342,anonymous,EN,4,4,4,4,4,6,6,6,6,6,8,7,7,7,8,4,4,4,6,4,6,6,6,6,6,4,6,4,4,4,7,8,7,8,7,8,8,8,7,8,4,4,6,4,4,7,8,7,7,7
11/7/20 18:45,11/7/20 18:49,0,76.227.12.50,100,224,1,11/7/20 18:49,R_1jTZuKTA7W0XSx3,42.11239624,-87.97899628,anonymous,EN,1,1,0,0,0,3,3,3,3,3,3,3,4,3,3,1,0,1,0,1,0,0,0,0,0,6,6,6,6,6,2,3,3,2,2,3,5,5,5,5,3,3,2,3,3,1,1,3,2,1
11/7/20 18:34,11/7/20 18:49,0,106.200.36.132,100,888,1,11/7/20 18:49,R_1M0TPxSLG7vP0kF,11.2480011,75.78039551,anonymous,EN,6,5,5,4,5,6,6,6,6,7,6,6,6,6,5,5,6,5,6,6,7,7,7,7,7,8,8,8,8,8,6,6,7,7,6,4,4,4,4,4,6,5,4,4,4,8,7,7,6,6
11/7/20 18:46,11/7/20 18:51,0,24.185.179.148,100,309,1,11/7/20 18:51,R_29jsaNdc4OgSHPp,41.22920227,-74.59919739,anonymous,EN,2,2,2,2,2,4,4,4,4,4,6,6,6,6,6,2,2,2,2,3,3,3,3,3,3,8,8,8,8,8,6,6,6,6,6,8,8,8,8,8,5,5,5,5,5,7,5,4,4,4
11/7/20 19:04,11/7/20 19:09,0,68.131.85.209,100,304,1,11/7/20 19:09,R_2aK3xQPKOWKQo3p,36.76460266,-76.34079742,anonymous,EN,3,3,3,2,3,4,4,4,4,4,8,7,9,8,7,3,3,2,2,4,4,4,4,4,4,9,7,9,10,8,7,7,7,7,7,7,8,8,9,9,8,7,6,6,7,5,7,7,7,6
11/7/20 19:04,11/7/20 19:14,0,49.37.162.185,100,593,1,11/7/20 19:14,R_2wEuh1SBXEOgGt4,12.97189331,77.59368896,anonymous,EN,4,3,4,3,3,3,4,4,4,4,3,4,3,3,3,1,0,1,1,0,3,4,4,3,4,6,6,8,7,6,7,8,8,7,7,6,8,8,8,7,2,2,3,2,2,7,8,8,8,6
11/7/20 19:22,11/7/20 19:26,0,49.204.128.189,100,243,1,11/7/20 19:26,R_2qeAbbCc310vLxU,11.00549316,76.96609497,anonymous,EN,4,4,4,4,4,7,7,7,7,7,8,8,8,8,8,6,6,6,6,6,6,6,6,6,6,7,7,8,7,7,7,7,7,7,7,6,6,6,6,6,6,6,6,6,6,2,2,2,2,2
11/7/20 19:44,11/7/20 19:49,0,223.181.215.9,100,294,1,11/7/20 19:49,R_3kcx1170eiJ07SN,11.00549316,76.96609497,anonymous,EN,8,7,6,6,6,8,8,8,7,4,6,6,7,6,5,7,9,8,9,7,9,6,6,6,6,7,8,9,9,7,9,9,8,9,7,7,7,4,4,3,3,4,4,4,2,7,9,9,8,7
11/7/20 20:10,11/7/20 20:12,0,216.164.112.118,100,161,1,11/7/20 20:12,R_2rADgRz7w55SPO9,40.69859314,-75.48339844,anonymous,EN,2,2,2,2,2,2,2,2,2,2,4,6,6,4,4,4,4,4,3,3,3,3,3,3,3,9,9,8,9,9,8,8,8,8,7,8,8,8,8,8,4,3,3,4,4,6,6,6,6,6
11/7/20 20:09,11/7/20 20:13,0,173.28.238.176,100,221,1,11/7/20 20:13,R_tDwQLTGAvkF6k6d,32.478302,-84.89849854,anonymous,EN,5,5,5,5,5,5,5,5,5,5,5,5,5,5,5,5,5,5,5,5,5,5,5,5,5,5,5,5,5,5,5,5,5,5,5,5,5,5,5,5,5,5,5,5,5,5,5,5,5,5
11/7/20 20:16,11/7/20 20:24,0,43.229.89.39,100,431,1,11/7/20 20:24,R_PZnMGRSGEWMpA7T,9.958694458,76.29818726,anonymous,EN,5,6,6,6,6,6,6,7,7,8,7,6,7,7,7,7,8,8,8,8,8,8,8,8,8,7,8,9,8,8,7,8,9,8,8,7,7,8,8,7,6,6,6,6,7,7,9,9,9,9
11/7/20 20:11,11/7/20 20:26,0,69.131.227.189,100,885,1,11/7/20 20:26,R_3r2uK7UYir0FMca,46.5131073,-122.4788971,anonymous,EN,5,4,4,4,5,8,8,8,8,8,8,8,8,8,8,5,5,5,5,5,8,8,8,8,8,8,8,8,8,8,7,7,7,7,6,8,7,7,7,7,6,5,6,6,6,6,6,6,5,7
11/7/20 20:25,11/7/20 20:29,0,24.59.126.37,100,291,1,11/7/20 20:29,R_24jI99PqD4uiZ1X,43.15029907,-77.58809662,anonymous,EN,3,3,3,3,3,6,5,5,5,5,6,6,6,6,6,5,5,5,5,5,5,5,5,5,5,7,7,6,7,7,8,8,8,8,8,6,7,6,8,6,4,4,4,4,4,5,5,5,5,5
11/7/20 20:36,11/7/20 20:41,0,59.99.210.13,100,304,1,11/7/20 20:41,R_1JY3QhHzxFxjXTz,11.00549316,76.96609497,anonymous,EN,3,2,4,3,4,3,3,3,6,4,5,6,3,3,4,2,2,2,2,3,3,4,3,3,3,4,4,5,4,4,3,4,5,3,4,6,7,8,7,8,4,3,3,4,4,3,5,5,5,5
11/7/20 20:35,11/7/20 20:44,0,117.196.80.15,100,555,1,11/7/20 20:44,R_10wIbmnmRnaHB7E,23.02760315,72.58709717,anonymous,EN,4,4,4,4,4,7,7,7,7,7,5,5,5,5,5,7,7,8,7,7,8,8,8,9,8,10,10,10,10,10,7,7,7,7,7,5,5,5,6,5,6,6,6,6,6,7,7,7,7,7
11/7/20 21:03,11/7/20 21:09,0,116.88.89.136,100,377,1,11/7/20 21:09,R_2uUJ1IoYdqgm7LL,1.292892456,103.8547058,anonymous,EN,4,5,4,5,5,6,6,6,6,6,3,4,4,3,3,5,5,6,5,5,5,5,6,6,6,7,7,7,7,7,7,7,7,7,7,6,6,6,6,6,4,5,4,5,5,4,4,5,5,5
11/7/20 21:10,11/7/20 21:14,0,122.174.169.73,100,252,1,11/7/20 21:14,R_2eUUJ6Y8iJFpVcT,13.08779907,80.27850342,anonymous,EN,7,7,7,7,7,5,5,5,5,5,8,7,7,7,7,3,3,3,3,3,7,7,7,8,7,8,9,8,8,8,7,7,7,7,7,6,6,6,6,6,3,3,3,3,3,5,7,7,8,7
11/7/20 21:11,11/7/20 21:19,0,77.111.246.39,100,482,1,11/7/20 21:19,R_3Nx4wazNxzmpCXj,37.75100708,-97.8219986,anonymous,EN,3,3,3,3,3,7,5,6,6,6,6,6,6,6,6,6,6,6,6,6,5,5,5,5,5,9,9,9,9,9,7,7,7,8,7,4,6,7,7,7,5,5,5,5,5,4,4,4,4,4
11/7/20 21:17,11/7/20 21:22,0,157.51.57.7,100,330,1,11/7/20 21:22,R_1M67dAaquGs2txE,13.08779907,80.27850342,anonymous,EN,5,5,5,5,6,5,6,5,5,5,5,6,6,5,5,5,5,6,6,5,6,6,6,6,6,6,8,7,7,6,7,8,8,8,7,7,7,7,7,7,6,5,6,6,5,7,7,7,7,7
11/7/20 21:27,11/7/20 21:32,0,75.135.204.101,100,279,1,11/7/20 21:32,R_3RwN8tErrzPRJRA,40.71279907,-99.07830048,anonymous,EN,3,3,3,3,3,7,6,5,7,7,5,5,5,5,5,6,6,6,6,6,3,3,3,4,4,9,9,9,9,9,7,7,7,7,6,8,8,8,8,8,4,4,4,4,4,8,8,8,8,8
11/7/20 21:41,11/7/20 21:46,0,37.40.138.34,100,312,1,11/7/20 21:46,R_bJeY2JQMELuR8gp,23.61819458,58.59449768,anonymous,EN,4,4,4,4,4,5,5,5,5,5,5,5,5,5,5,5,5,5,5,5,5,5,5,5,5,5,5,5,5,5,6,6,5,5,5,6,6,6,6,6,4,4,4,4,4,7,7,7,7,7
11/7/20 21:45,11/7/20 21:55,0,106.212.225.66,100,574,1,11/7/20 21:55,R_BrZAgMRGL5wTzep,17.38409424,78.45639038,anonymous,EN,6,6,5,5,5,7,6,6,5,6,5,5,5,4,4,6,6,5,5,5,6,6,6,6,6,8,8,7,8,8,7,8,7,7,6,8,8,8,8,7,4,3,3,4,3,7,7,7,6,6
11/7/20 21:38,11/7/20 22:04,0,42.109.139.89,100,1533,1,11/7/20 22:04,R_PG0vQCbcG9Pia1b,13.08779907,80.27850342,anonymous,EN,3,4,4,4,4,3,3,4,4,3,6,4,6,4,6,7,4,4,4,4,6,6,5,4,4,7,5,5,5,5,6,6,5,6,6,5,6,6,5,6,4,4,4,4,5,5,6,5,7,4
11/7/20 22:01,11/7/20 22:06,0,117.241.14.203,100,289,1,11/7/20 22:06,R_1cXOb0qdW3HLEvs,9.449996948,77.92001343,anonymous,EN,4,4,4,4,4,6,6,6,6,6,4,4,6,4,4,6,6,6,6,6,6,6,6,7,6,9,9,8,9,10,9,9,9,9,10,9,9,9,9,9,2,1,2,2,2,10,10,10,10,10
11/7/20 22:37,11/7/20 22:42,0,206.45.175.90,100,298,1,11/7/20 22:42,R_1DomSZIkMCSHIMj,49.52909851,-96.68520355,anonymous,EN,5,5,5,6,6,5,5,5,5,5,6,7,7,7,6,7,7,7,7,7,5,5,5,5,5,8,7,7,8,7,8,7,7,8,7,9,9,9,9,9,6,6,6,6,6,7,7,7,7,7
11/7/20 22:39,11/7/20 22:43,0,103.78.159.99,100,245,1,11/7/20 22:43,R_2COH9CWEfglulYX,8.179000854,77.43231201,anonymous,EN,2,3,2,2,2,6,6,6,6,6,6,6,6,6,6,4,4,4,4,4,2,2,2,2,2,6,4,5,7,6,8,8,8,8,7,7,8,8,8,7,4,4,5,5,4,2,3,3,3,3
11/7/20 22:38,11/7/20 22:44,0,103.104.49.144,100,389,1,11/7/20 22:44,R_2UVDLlp7bTh1A2C,8.179000854,77.43231201,anonymous,EN,4,4,6,5,5,6,6,6,6,6,6,7,7,7,7,5,6,7,5,5,7,7,7,7,7,7,7,7,7,7,7,7,7,7,6,6,6,6,6,6,2,2,4,3,3,7,7,7,7,7
11/7/20 22:58,11/7/20 23:01,0,76.93.168.189,100,214,1,11/7/20 23:01,R_3KGxIBpPix6KLKA,33.09240723,-117.2624054,anonymous,EN,3,3,3,3,3,6,6,6,6,6,6,6,6,6,6,6,6,6,6,6,5,5,5,5,5,6,6,6,6,6,7,7,7,7,7,7,7,7,7,7,5,5,5,5,5,8,8,8,8,8
11/7/20 22:58,11/7/20 23:02,0,104.63.94.49,100,205,1,11/7/20 23:02,R_6SGbMTd6Y8sohK9,42.61599731,-83.92500305,anonymous,EN,2,2,2,2,2,6,6,6,6,6,4,4,3,4,3,2,2,2,2,2,4,4,4,4,4,5,5,4,5,5,5,4,4,3,3,5,4,5,4,4,3,2,2,2,2,5,5,5,5,5
11/7/20 23:24,11/7/20 23:29,0,70.188.96.144,100,294,1,11/7/20 23:29,R_tRS8Kwt3GWfjBEl,30.02450562,-91.74960327,anonymous,EN,5,5,6,4,5,4,4,7,5,6,5,7,8,6,6,6,6,5,6,6,3,5,7,7,7,7,6,8,8,7,7,7,8,8,8,6,6,7,7,6,5,5,2,6,7,6,7,7,7,7
11/7/20 23:52,11/7/20 23:57,0,12.23.120.193,100,305,1,11/7/20 23:57,R_vrFynzvPfscYnTz,41.34970093,-88.84149933,anonymous,EN,4,4,4,5,4,6,6,6,6,6,4,4,4,4,4,6,6,5,6,5,5,5,5,5,5,8,7,7,7,7,6,5,6,6,6,6,6,7,6,7,5,5,5,5,5,8,9,9,8,9
11/8/20 0:23,11/8/20 0:26,0,116.68.79.150,100,195,1,11/8/20 0:26,R_3koYJvUFn5audEI,8.48550415,76.94918823,anonymous,EN,2,2,2,2,2,4,4,4,4,4,5,6,6,6,6,4,4,4,4,4,3,3,3,3,3,9,9,9,9,9,8,8,8,8,8,10,10,10,10,10,4,4,4,4,4,6,6,6,6,6
11/8/20 0:49,11/8/20 0:55,0,123.231.109.144,100,363,1,11/8/20 0:55,R_3hFofcBv4PheTa6,6.93170166,79.84820557,anonymous,EN,2,2,2,2,2,4,4,4,4,4,3,3,3,5,3,2,2,2,2,2,4,4,5,4,5,7,7,6,7,6,7,6,6,6,6,7,7,7,6,7,2,2,2,2,2,6,6,6,6,6
11/8/20 0:59,11/8/20 1:09,0,73.99.90.150,100,598,1,11/8/20 1:09,R_1H1qMz6KRsgM7Az,38.09359741,-78.56230164,anonymous,EN,4,4,4,4,4,4,4,4,4,4,8,8,8,8,8,6,6,6,6,6,4,4,4,4,4,6,6,6,6,6,7,8,7,4,7,10,10,10,10,10,4,4,4,4,4,7,6,6,6,5
11/8/20 1:11,11/8/20 1:15,0,23.125.192.243,100,262,1,11/8/20 1:15,R_5ztfeh9vLSrPh2p,35.48750305,-80.98760223,anonymous,EN,4,5,5,4,5,7,7,7,7,7,7,7,7,7,7,6,5,5,5,5,5,5,5,5,5,8,8,8,8,7,6,8,7,7,8,6,6,6,6,6,4,4,3,4,4,7,8,7,8,7
11/8/20 1:27,11/8/20 1:36,0,103.217.234.193,100,516,1,11/8/20 1:36,R_1mLEEwYHASgtEjJ,22.56260681,88.36300659,anonymous,EN,1,2,2,1,3,6,3,2,3,3,7,8,8,7,7,1,1,1,1,1,2,2,1,1,2,6,3,5,8,1,6,3,6,3,7,6,7,7,7,5,3,3,0,0,0,3,3,1,3,2
11/8/20 2:11,11/8/20 2:17,0,49.33.140.225,100,368,1,11/8/20 2:17,R_1pLLiPNQRM9BfLH,19.07479858,72.88560486,anonymous,EN,4,4,3,4,6,4,4,3,4,4,8,7,8,8,7,4,5,4,4,5,6,6,6,6,6,10,10,10,10,10,8,6,8,8,8,9,9,8,7,7,4,3,4,4,4,4,4,4,4,4
11/8/20 2:58,11/8/20 3:05,0,74.96.236.145,100,390,1,11/8/20 3:05,R_1hz1fGRspg8LGub,38.88650513,-77.0911026,anonymous,EN,4,2,4,3,3,6,3,6,6,7,6,6,6,6,6,6,7,2,3,3,6,6,6,4,4,6,8,8,7,7,4,6,6,7,7,8,8,7,6,6,3,4,8,3,6,8,7,8,7,6
11/8/20 3:47,11/8/20 3:51,0,73.149.134.147,100,272,1,11/8/20 3:51,R_3F2LJHYDyeiBcsw,43.36560059,-72.34420013,anonymous,EN,6,6,6,6,6,4,4,5,4,4,6,7,6,6,6,7,6,7,7,7,5,6,6,6,4,9,8,7,8,7,8,8,8,8,7,8,9,10,9,8,5,4,5,4,4,6,5,7,6,6
11/8/20 3:54,11/8/20 3:57,0,76.217.241.48,100,195,1,11/8/20 3:57,R_28B82jEt5svoBHI,39.73519897,-84.08640289,anonymous,EN,4,4,4,4,4,6,6,6,6,6,7,7,7,7,7,5,5,5,5,5,4,4,3,3,3,7,7,6,7,7,6,6,6,6,6,8,7,8,9,8,4,4,4,4,4,8,7,8,6,6
11/8/20 3:55,11/8/20 4:07,0,157.46.126.96,100,725,1,11/8/20 4:07,R_WomAbFdYmkk5Ijf,13.08779907,80.27850342,anonymous,EN,9,4,4,4,4,7,9,7,9,8,10,10,10,9,9,8,7,7,6,4,4,6,9,6,10,10,9,9,10,10,10,9,9,8,9,9,9,10,6,9,6,4,3,6,6,6,6,6,7,7
11/8/20 4:16,11/8/20 4:20,0,24.187.115.38,100,234,1,11/8/20 4:20,R_11jzqXyXF4f8SzT,40.89050293,-74.05039978,anonymous,EN,4,4,4,4,4,5,5,5,5,5,6,6,6,6,6,6,6,6,6,6,5,5,5,5,5,7,7,7,7,7,6,6,6,6,6,7,7,6,6,6,6,5,5,6,5,7,7,7,7,7
11/8/20 4:17,11/8/20 4:31,0,183.83.37.213,100,823,1,11/8/20 4:31,R_1ovZ5xUjuVk7GSE,17.38400269,78.45639038,anonymous,EN,2,2,2,2,2,6,6,5,6,6,7,7,7,7,6,2,4,4,4,4,3,3,3,3,3,9,9,9,9,9,6,6,7,6,6,7,7,7,7,7,4,4,4,5,5,6,6,6,6,6
11/8/20 6:28,11/8/20 6:34,0,157.48.222.181,100,332,1,11/8/20 6:34,R_2xyIR4jel60ZvFZ,17.38409424,78.45639038,anonymous,EN,2,2,2,2,2,5,5,6,6,6,4,4,4,4,4,4,4,5,5,5,4,3,4,3,3,4,4,5,5,5,5,5,6,6,5,4,5,5,5,5,2,2,2,2,2,4,5,6,5,5
11/8/20 7:25,11/8/20 7:33,0,96.32.30.254,100,472,1,11/8/20 7:33,R_3fCvoRLScwBodN0,41.96020508,-72.0039978,anonymous,EN,5,5,5,5,5,5,5,5,5,5,5,6,5,5,4,5,5,5,5,5,5,5,5,5,5,5,5,5,5,5,7,6,6,7,7,7,5,7,7,7,5,5,5,3,5,6,8,7,5,6
11/8/20 7:28,11/8/20 7:33,0,47.28.105.211,100,338,1,11/8/20 7:33,R_28FN3saQfZf7yps,34.16070557,-118.2263947,anonymous,EN,2,2,1,1,1,3,3,3,4,4,2,3,3,3,3,4,4,4,4,4,4,4,4,4,3,5,4,5,5,5,6,7,6,6,6,6,6,7,6,6,2,2,3,2,4,3,4,4,3,3
11/8/20 8:22,11/8/20 8:28,0,157.46.123.197,100,369,1,11/8/20 8:28,R_2Quoq7qRNyJqL8j,13.08779907,80.27850342,anonymous,EN,4,4,4,4,4,4,4,4,4,4,4,4,4,4,4,4,4,4,4,4,4,4,4,4,4,4,4,4,4,4,6,6,6,6,6,4,6,4,4,4,4,4,4,4,4,6,6,6,6,7
11/8/20 8:28,11/8/20 8:33,0,23.127.84.138,100,261,1,11/8/20 8:33,R_ZqPXCTXh7EFIKhH,32.76379395,-117.0699997,anonymous,EN,5,5,5,5,5,5,5,5,6,5,7,7,7,7,10,7,7,7,7,7,7,6,6,6,6,8,8,8,8,8,9,9,9,9,9,9,9,9,9,9,6,7,6,6,6,8,8,8,8,8
11/8/20 9:02,11/8/20 9:12,0,69.109.249.160,100,635,1,11/8/20 9:12,R_1OBqWyymWME7ZQt,38.9420929,-122.7776947,anonymous,EN,2,2,2,2,2,5,5,4,4,4,5,6,5,5,4,5,4,4,4,4,5,5,4,5,4,7,7,7,7,7,7,6,6,6,6,8,8,8,8,7,4,4,4,4,4,6,6,5,4,5
11/8/20 9:28,11/8/20 9:32,0,24.252.139.86,100,245,1,11/8/20 9:32,R_2xS6BbvNAjelDRP,37.25570679,-79.98120117,anonymous,EN,4,4,4,4,4,6,6,6,6,6,4,4,6,5,4,5,6,5,5,5,7,7,7,7,6,7,7,7,7,7,7,7,7,7,7,6,6,6,6,6,7,7,7,7,7,6,6,6,6,6
11/8/20 9:53,11/8/20 9:57,0,73.191.2.64,100,251,1,11/8/20 9:57,R_2PwnqGczy1m6Q5x,38.40260315,-75.69629669,anonymous,EN,3,3,3,3,3,3,3,3,3,3,4,6,6,6,3,6,6,6,6,6,6,4,4,4,6,9,7,8,9,8,7,9,7,7,7,6,4,7,7,6,6,6,4,6,4,8,6,6,8,6
11/8/20 10:36,11/8/20 10:50,0,107.2.72.194,100,832,1,11/8/20 10:50,R_3fepRqL2LB7LWVm,45.00010681,-93.09860229,anonymous,EN,3,3,3,3,3,6,6,6,6,6,6,7,6,6,6,6,6,5,5,6,7,6,7,6,6,8,8,7,8,7,7,8,8,7,7,7,7,7,7,7,4,4,3,4,4,7,7,7,7,7
11/8/20 11:00,11/8/20 11:08,0,162.221.30.93,100,449,1,11/8/20 11:08,R_SVnZX9Yl9DmoDq9,36.47740173,-82.23619843,anonymous,EN,2,3,3,3,2,1,1,1,1,1,5,2,3,4,2,2,1,2,2,1,3,2,2,3,2,8,8,8,8,8,8,8,8,8,8,9,9,9,9,9,4,4,4,4,5,2,4,3,2,2
11/8/20 11:10,11/8/20 11:22,0,32.208.30.242,100,692,1,11/8/20 11:22,R_agHzQA7pLilsLKx,41.27760315,-72.81150055,anonymous,EN,6,6,6,6,6,6,6,6,6,6,7,7,7,7,7,6,6,6,6,6,6,6,6,6,6,7,7,7,7,7,7,7,7,7,7,7,7,7,7,7,6,6,6,6,6,6,6,6,6,6
11/8/20 11:38,11/8/20 11:45,0,142.196.173.133,100,382,1,11/8/20 11:45,R_1n7xaBAviaXcMEi,28.55880737,-81.34950256,anonymous,EN,5,5,5,5,5,8,6,6,7,7,6,6,6,6,7,7,7,6,6,6,7,9,8,8,8,9,8,9,9,9,5,5,6,6,6,9,8,10,8,8,5,5,5,5,4,6,6,6,6,6
11/8/20 12:15,11/8/20 12:19,0,68.64.118.38,100,280,1,11/8/20 12:19,R_1I5CRfXrnRipvWy,37.28630066,-82.86920166,anonymous,EN,4,4,4,3,4,2,2,2,2,2,4,4,4,4,4,4,4,4,4,4,4,4,4,4,4,6,6,7,6,8,6,6,6,6,7,5,5,5,5,5,4,4,4,4,3,6,6,5,5,5
11/8/20 13:11,11/8/20 13:16,0,24.24.154.168,100,266,1,11/8/20 13:16,R_vqcOACXKi4o8rIt,34.18670654,-118.3878021,anonymous,EN,3,5,3,4,3,7,7,7,7,7,8,8,8,8,7,7,7,7,7,7,4,3,3,3,4,8,9,8,8,8,7,7,7,7,7,9,9,9,9,9,7,7,7,7,7,8,8,8,8,8
11/8/20 13:08,11/8/20 13:16,0,98.148.74.247,100,459,1,11/8/20 13:16,R_3wo6ldcmfE0KNdT,33.91679382,-118.3432007,anonymous,EN,5,5,5,5,5,0,0,0,0,0,6,6,6,6,6,0,0,0,0,0,0,0,0,0,0,7,7,7,7,7,6,7,7,7,7,9,8,8,8,8,5,5,4,5,5,0,0,0,0,0
11/8/20 13:19,11/8/20 13:23,0,174.78.2.138,100,289,1,11/8/20 13:23,R_xxgVYoyiOHtFvON,36.10079956,-115.1364975,anonymous,EN,3,3,3,3,3,6,6,6,6,6,6,6,6,6,6,6,6,6,6,6,4,4,4,4,4,8,8,8,8,8,7,7,8,7,7,8,8,8,8,8,5,5,5,5,5,7,7,7,7,7
11/8/20 13:25,11/8/20 13:31,0,136.29.7.209,100,367,1,11/8/20 13:31,R_3qCDBd0VXEqIUAD,39.72770691,-104.9814987,anonymous,EN,2,1,3,0,2,6,4,4,4,7,2,3,3,3,3,3,4,2,2,2,2,2,1,3,2,8,7,8,8,9,4,3,2,7,7,8,8,8,7,8,1,1,1,1,1,7,7,6,6,6
11/8/20 13:36,11/8/20 13:39,0,216.206.217.178,100,178,1,11/8/20 13:39,R_1CxAKWzA0uqGdPO,38.22810364,-84.86969757,anonymous,EN,3,6,4,3,3,3,3,3,3,3,6,6,5,7,6,5,4,4,4,4,4,4,4,4,4,7,7,7,7,7,7,7,7,7,7,7,7,7,7,7,7,7,7,7,5,6,6,6,4,6
11/8/20 14:13,11/8/20 14:20,0,47.144.237.245,100,431,1,11/8/20 14:20,R_28H8hSjWMVleNKj,33.56309509,-117.2738037,anonymous,EN,5,5,5,5,5,6,6,6,6,6,6,7,5,5,6,7,7,7,7,7,7,6,7,6,7,7,7,7,7,7,7,7,7,7,7,7,7,7,7,7,7,6,6,6,6,7,7,7,7,7
11/8/20 14:45,11/8/20 14:58,0,75.133.160.195,100,765,1,11/8/20 14:58,R_1gbjyLrkoTr78VB,39.00120544,-90.96240234,anonymous,EN,3,4,3,4,4,7,7,7,7,5,7,7,6,6,5,6,6,5,6,6,6,6,5,6,5,5,8,8,8,7,6,8,8,8,7,7,8,8,8,8,5,4,4,4,4,7,7,7,9,8
11/8/20 15:38,11/8/20 15:47,0,173.66.36.130,100,531,1,11/8/20 15:47,R_24u9WIzfnodv2i5,38.96369934,-77.60990143,anonymous,EN,2,1,2,2,3,2,2,2,2,4,5,5,5,5,5,5,5,5,5,5,3,3,3,4,3,8,8,6,6,7,7,7,7,7,7,7,8,8,8,7,3,2,2,3,2,4,4,5,3,3
11/8/20 16:17,11/8/20 16:25,0,74.250.134.153,100,439,1,11/8/20 16:25,R_1reIQ1BEtJYir6b,32.74859619,-83.74770355,anonymous,EN,3,3,3,3,3,8,6,6,6,7,5,6,6,5,5,6,7,6,6,6,4,4,4,3,3,6,6,6,6,6,6,6,6,6,6,7,7,7,7,7,5,5,5,5,4,7,7,6,6,6
11/8/20 16:22,11/8/20 16:25,0,24.190.220.175,100,209,1,11/8/20 16:25,R_UDtRwFOgrvJYiKR,40.64460754,-73.97429657,anonymous,EN,1,2,2,2,2,4,4,4,4,3,4,4,4,4,4,3,3,3,3,3,2,2,2,1,2,8,8,8,8,8,4,4,4,4,4,8,9,8,8,9,1,1,1,1,1,3,4,3,3,4
11/8/20 18:18,11/8/20 18:22,0,96.236.212.181,100,215,1,11/8/20 18:22,R_3kyOptg4F4lo4jR,40.4322052,-80.10209656,anonymous,EN,4,5,4,4,4,2,2,3,2,2,5,5,5,5,5,4,3,3,3,3,3,2,3,3,3,7,7,7,7,7,8,7,7,7,8,7,7,7,7,7,6,6,6,6,6,4,5,5,5,5
11/8/20 18:30,11/8/20 18:34,0,66.57.172.109,100,234,1,11/8/20 18:34,R_1eFuSrZRvwbgawO,35.25219727,-80.82630157,anonymous,EN,3,3,3,3,3,5,5,5,5,5,3,3,3,3,3,8,8,8,8,8,7,7,7,7,7,7,7,8,7,8,7,7,7,7,7,8,8,8,8,8,6,6,6,6,6,7,7,7,7,7
11/8/20 21:02,11/8/20 21:07,0,219.90.98.57,100,282,1,11/8/20 21:07,R_2VvxEvho8RG3ssv,19.07479858,72.88560486,anonymous,EN,5,7,6,6,5,7,7,8,8,7,8,7,7,7,6,5,6,6,6,6,6,6,6,7,6,6,8,7,8,7,6,7,8,8,7,9,9,9,9,9,7,5,6,5,7,7,7,7,6,6
11/8/20 21:17,11/8/20 21:23,0,216.164.224.101,100,405,1,11/8/20 21:23,R_1mdZwfSnQ0P03Yk,40.59500122,-75.52890015,anonymous,EN,2,2,3,2,2,2,2,2,3,2,2,2,2,2,2,2,2,1,2,1,1,2,1,3,1,8,8,8,8,8,8,7,7,7,7,7,7,7,7,6,4,4,6,4,5,6,4,4,4,4
11/8/20 22:58,11/8/20 23:02,0,223.179.132.30,100,290,1,11/8/20 23:02,R_D1OeJ3rT9DPWb8l,28.58000183,77.32998657,anonymous,EN,4,4,4,2,3,2,2,2,4,3,4,4,4,4,4,4,4,3,4,4,5,5,5,5,5,8,9,8,8,9,6,6,7,7,7,8,7,7,8,8,5,6,6,6,6,2,4,4,6,4
11/8/20 23:39,11/8/20 23:41,0,173.16.56.13,100,162,1,11/8/20 23:41,R_wUlaY3i2MipfUE9,43.04260254,-91.11930084,anonymous,EN,3,2,3,3,3,2,2,2,2,2,3,3,2,2,2,3,3,3,3,3,2,2,3,3,3,3,3,3,3,3,4,4,4,4,4,5,5,5,5,5,3,3,3,3,2,3,3,3,3,3
11/9/20 1:06,11/9/20 1:10,0,223.130.28.241,100,255,1,11/9/20 1:10,R_3HhNvy3KGIqkkLh,29.96569824,76.83700562,anonymous,EN,4,3,3,4,4,7,7,7,7,7,7,8,7,6,7,7,6,6,6,6,7,6,6,7,6,7,7,8,8,7,6,6,6,6,7,6,8,7,8,9,5,4,4,4,3,7,7,7,7,7
11/9/20 1:07,11/9/20 1:10,0,103.114.211.14,100,197,1,11/9/20 1:10,R_1FQUcleVsRp8QkS,11.00549316,76.96609497,anonymous,EN,4,4,4,4,4,4,4,4,4,4,7,7,7,7,7,4,4,4,4,4,4,4,4,4,4,7,7,7,7,7,7,7,7,7,7,7,7,7,7,7,4,4,7,4,4,4,4,4,4,4
11/9/20 1:06,11/9/20 1:12,0,103.114.211.92,100,310,1,11/9/20 1:12,R_2ATmK7UlmXgWmuK,11.00549316,76.96609497,anonymous,EN,5,5,5,5,5,6,7,7,7,7,6,6,6,6,6,8,8,8,8,8,7,7,6,7,7,6,6,6,6,6,6,7,7,7,8,7,7,8,8,7,6,5,6,5,5,7,7,7,6,6
11/9/20 2:09,11/9/20 2:14,0,103.114.211.80,100,276,1,11/9/20 2:14,R_2D8sMdChNxqdP6U,11.00549316,76.96609497,anonymous,EN,4,4,4,4,3,3,4,4,4,6,4,5,4,6,3,3,4,4,4,6,6,6,6,7,6,7,8,7,8,7,6,6,6,6,6,7,6,6,6,5,6,3,3,3,3,8,7,8,6,6
11/9/20 3:41,11/9/20 3:47,0,213.45.174.60,100,314,1,11/9/20 3:47,R_1mzlCjCm8BEhBQL,42.45840454,14.20280457,anonymous,EN,2,3,3,3,3,5,5,5,5,5,5,5,5,4,4,6,6,6,6,6,4,6,6,6,4,9,9,9,9,9,8,8,8,8,8,6,6,6,6,6,4,3,3,3,4,6,6,6,6,6
11/9/20 4:22,11/9/20 4:25,0,68.96.169.162,100,182,1,11/9/20 4:25,R_3hiNykHhiHgHOm5,36.24679565,-115.2182007,anonymous,EN,5,5,5,5,5,5,5,5,5,5,8,7,7,5,6,5,5,5,5,5,5,5,5,5,5,7,7,7,7,7,6,7,7,6,7,9,9,9,8,8,7,6,7,7,6,5,5,5,5,5
11/9/20 4:26,11/9/20 4:35,0,98.177.4.91,100,544,1,11/9/20 4:35,R_1CfLlguqnwpoKiE,33.31210327,-111.8212967,anonymous,EN,3,3,4,4,4,3,3,3,3,3,4,4,4,5,4,2,2,2,2,2,2,2,2,2,2,7,7,7,6,7,6,6,6,6,6,6,6,6,6,6,4,4,4,4,4,5,5,5,5,5
11/9/20 5:08,11/9/20 5:14,0,103.139.56.32,100,350,1,11/9/20 5:14,R_C47jI6Gs5oiHYD7,26.46310425,80.34790039,anonymous,EN,6,6,7,6,8,8,7,7,8,7,9,8,9,8,8,4,4,4,4,4,4,7,7,6,6,10,10,9,10,10,10,10,10,10,8,9,10,10,9,9,4,4,4,4,2,7,7,8,7,7
11/9/20 5:16,11/9/20 5:19,0,71.173.204.206,100,145,1,11/9/20 5:19,R_XXoeGQlGO1bqRdT,40.2749939,-76.80390167,anonymous,EN,3,2,2,1,1,4,4,4,4,5,5,5,5,5,5,4,5,4,5,5,4,4,5,5,3,4,4,4,4,4,7,7,7,7,7,5,5,5,5,5,6,6,6,6,6,5,6,5,2,6
11/9/20 5:18,11/9/20 5:24,0,172.76.144.15,100,348,1,11/9/20 5:24,R_3DkLGrCTYEWIMQe,36.05270386,-85.01380157,anonymous,EN,3,3,3,3,4,6,6,6,6,6,7,7,6,6,6,8,8,7,7,8,5,5,5,5,5,9,8,8,9,9,6,6,6,6,7,7,7,7,7,7,4,4,4,4,4,8,8,8,8,7
11/9/20 5:35,11/9/20 5:41,0,117.96.209.120,100,376,1,11/9/20 5:41,R_SHje1AlXuUR89tT,11.00549316,76.96609497,anonymous,EN,4,4,4,4,4,3,3,3,3,3,6,6,6,6,6,6,6,6,6,7,7,7,7,7,7,8,8,8,8,7,8,8,8,8,8,7,7,7,7,7,3,3,3,3,3,9,9,9,9,9
11/9/20 5:36,11/9/20 5:42,0,71.223.242.47,100,367,1,11/9/20 5:42,R_YYnl2HeYzojz3vb,33.56289673,-112.0519028,anonymous,EN,3,3,2,2,2,5,5,5,5,5,4,4,4,4,4,3,3,3,4,3,6,5,6,5,5,5,5,5,5,5,6,6,6,6,6,7,7,7,7,7,6,6,6,6,6,5,5,5,5,5
11/9/20 5:58,11/9/20 6:03,0,73.153.191.15,100,338,1,11/9/20 6:03,R_0uBxBh8nr04AIyB,39.72909546,-105.1896973,anonymous,EN,0,2,0,0,1,1,1,1,1,1,1,1,3,3,2,0,1,1,2,2,0,1,1,1,1,9,9,8,8,9,5,5,7,7,4,7,6,7,8,7,0,2,3,1,2,2,4,1,2,2
11/9/20 6:09,11/9/20 6:13,0,73.119.242.192,100,224,1,11/9/20 6:13,R_1E6f6RoDXXvnH1A,43.01100159,-71.45709991,anonymous,EN,2,2,1,1,1,3,3,3,3,3,5,5,5,5,5,6,6,6,6,6,3,4,4,3,4,4,4,4,5,4,5,5,5,5,5,5,5,5,5,5,3,2,2,2,2,4,4,4,4,5
11/9/20 6:46,11/9/20 6:50,0,216.211.48.26,100,227,1,11/9/20 6:50,R_3NCavIlso1b2gMO,48.46150208,-89.20210266,anonymous,EN,4,4,4,3,4,5,6,5,5,6,6,7,7,5,5,3,3,3,3,3,5,6,6,6,6,7,7,7,7,7,7,7,7,7,6,7,7,6,7,7,3,3,4,3,3,5,6,5,6,7
11/9/20 6:55,11/9/20 7:02,0,70.185.96.81,100,408,1,11/9/20 7:02,R_22VXCs6elexXO3T,29.64750671,-82.40399933,anonymous,EN,4,4,4,4,5,6,6,6,6,6,7,7,6,6,6,5,5,5,5,5,5,5,6,6,6,6,7,6,6,6,7,7,7,7,7,8,8,8,8,8,5,3,3,4,4,6,6,6,6,6
11/9/20 7:18,11/9/20 7:21,0,47.185.85.35,100,182,1,11/9/20 7:21,R_1FyUKLBR4YX3TZT,32.93209839,-97.28340149,anonymous,EN,4,4,2,5,2,5,5,5,4,5,7,6,6,6,7,6,6,5,6,5,5,5,6,7,6,8,8,7,7,8,7,6,6,8,7,7,8,8,8,8,6,7,3,5,6,8,6,7,5,7
11/9/20 7:19,11/9/20 7:23,0,136.34.234.173,100,227,1,11/9/20 7:23,R_2q8cDa01iAbXeNj,39.03829956,-94.57369995,anonymous,EN,5,5,5,2,5,5,3,3,4,5,5,5,5,5,5,5,5,5,5,5,5,5,5,5,5,5,5,5,5,7,8,5,5,5,5,5,5,5,5,5,4,4,5,6,3,5,5,5,5,4
11/9/20 7:59,11/9/20 8:11,0,112.133.236.139,100,685,1,11/9/20 8:11,R_3nAA1e2NuTRMZXX,10.3690033,77.98040771,anonymous,EN,4,3,5,5,6,6,3,6,6,6,5,7,6,4,4,4,4,3,3,4,2,6,4,6,6,6,4,6,6,7,3,6,7,6,6,6,6,8,8,6,2,3,3,3,3,5,5,7,7,5
11/9/20 8:21,11/9/20 8:24,0,50.236.74.82,100,215,1,11/9/20 8:24,R_3p9BQfqVXySqkzU,42.68539429,-83.91269684,anonymous,EN,4,4,4,4,4,6,6,6,6,6,7,7,7,7,7,7,7,7,7,7,5,5,5,5,5,7,7,7,7,7,7,7,7,7,7,8,8,8,8,8,6,6,6,6,6,6,6,6,6,6
11/9/20 8:23,11/9/20 8:27,0,66.176.72.219,100,219,1,11/9/20 8:27,R_3kokwNuIHDGbE63,26.01620483,-80.19550323,anonymous,EN,0,0,0,0,0,1,1,1,1,1,4,4,3,4,4,2,2,2,2,1,0,0,0,1,1,3,3,3,5,3,5,5,5,5,5,5,5,5,5,5,3,3,3,3,2,3,3,3,3,3
11/9/20 8:50,11/9/20 8:59,0,103.143.108.193,100,561,1,11/9/20 8:59,R_p5Wo7Br2QGOtaGB,11.11540222,77.35461426,anonymous,EN,8,8,4,7,8,4,6,3,3,7,3,8,7,8,7,4,4,7,7,4,7,3,3,3,3,4,7,8,7,10,9,9,8,9,9,3,8,4,4,4,2,4,4,3,7,4,7,7,4,6
11/9/20 9:17,11/9/20 9:23,0,71.146.118.250,100,362,1,11/9/20 9:23,R_2SeiZsHHiImgOxO,32.86839294,-96.93840027,anonymous,EN,4,4,4,4,4,4,4,4,4,4,6,7,6,6,6,6,6,6,6,6,7,7,7,7,7,6,6,6,6,6,9,8,8,8,8,9,9,9,9,9,5,5,5,4,4,7,8,8,8,8
11/9/20 9:24,11/9/20 9:38,0,136.49.54.77,100,815,1,11/9/20 9:38,R_DdYYA8pWkqaBTup,30.30749512,-97.72709656,anonymous,EN,3,3,3,3,3,4,4,4,4,4,4,4,4,4,4,5,5,5,5,5,6,5,6,5,5,8,8,8,7,8,7,8,7,7,7,7,8,8,8,8,7,7,6,7,6,6,6,5,6,6
11/9/20 9:38,11/9/20 9:42,0,172.100.53.135,100,221,1,11/9/20 9:42,R_2pLjzCadjdSriOe,42.95539856,-78.86380005,anonymous,EN,4,2,4,4,4,5,5,5,5,5,9,9,9,9,9,3,3,3,3,4,7,7,7,7,7,5,5,5,5,5,7,7,7,6,7,7,6,6,6,7,4,4,4,4,4,6,6,6,6,6
11/9/20 9:39,11/9/20 9:42,0,45.36.240.171,100,208,1,11/9/20 9:42,R_3kLeHzJuxopQbsY,36.021698,-79.7838974,anonymous,EN,3,4,4,3,4,5,5,5,5,4,7,6,4,4,4,6,6,7,7,7,5,6,6,6,5,8,8,7,8,8,6,6,6,6,7,7,7,7,7,7,7,6,6,7,7,9,8,8,8,8
11/9/20 9:59,11/9/20 10:03,0,173.187.58.39,100,229,1,11/9/20 10:03,R_23gwjibEqjpQWn8,35.86839294,-80.31500244,anonymous,EN,3,3,3,2,2,7,6,7,7,7,6,7,5,5,5,4,3,5,5,4,6,5,5,5,5,6,6,6,6,5,7,6,7,6,5,7,7,7,6,7,4,4,4,4,3,7,7,7,8,7
11/9/20 10:35,11/9/20 10:39,0,172.58.188.28,100,222,1,11/9/20 10:39,R_2TREzBP0eHEZUcH,38.95379639,-76.8946991,anonymous,EN,5,4,5,5,5,4,5,3,4,5,8,9,9,9,8,5,5,5,5,5,5,5,4,5,5,8,7,7,8,8,7,6,6,6,7,8,8,8,8,7,5,5,5,4,5,4,7,6,7,7
11/9/20 10:35,11/9/20 10:39,0,72.76.129.231,100,250,1,11/9/20 10:39,R_3qpRwUjE2AgcHoj,40.84620667,-74.70559692,anonymous,EN,3,3,3,3,3,5,5,5,5,5,5,5,5,5,5,6,6,6,6,6,3,3,3,4,3,7,7,7,8,7,6,6,6,6,6,6,6,6,6,5,2,4,3,2,3,7,7,7,7,6
11/9/20 10:45,11/9/20 10:48,0,174.96.65.194,100,230,1,11/9/20 10:48,R_1jCc7LFaqSGq9Gd,39.83779907,-84.11109924,anonymous,EN,4,4,4,4,4,5,5,5,5,5,7,6,6,6,6,3,4,3,3,4,6,6,6,6,6,7,7,7,7,7,8,8,8,8,8,7,7,7,7,7,6,6,6,6,6,7,7,7,7,7
11/9/20 11:29,11/9/20 11:33,0,73.220.229.157,100,256,1,11/9/20 11:33,R_1Oq65nsm8viN53c,36.74049377,-119.7508011,anonymous,EN,5,6,6,5,6,3,2,4,1,3,9,9,9,8,10,3,3,4,3,3,3,3,2,3,3,4,4,5,4,6,10,10,10,10,10,5,5,6,6,6,6,5,6,6,6,5,4,4,5,4
11/9/20 11:59,11/9/20 12:05,0,75.188.10.119,100,374,1,11/9/20 12:05,R_3p08rOrFZn9tTS1,40.07319641,-82.40170288,anonymous,EN,1,2,2,2,3,7,5,4,5,4,6,6,5,5,6,5,7,5,7,7,5,6,7,7,5,5,4,6,5,5,5,6,6,5,5,5,4,7,4,7,5,6,4,7,4,6,5,8,6,5
11/9/20 12:39,11/9/20 12:42,0,47.27.126.234,100,228,1,11/9/20 12:42,R_3iKiQT5QAWeWF6l,35.59620667,-81.0338974,anonymous,EN,4,3,4,3,3,4,4,5,6,5,6,7,6,7,5,5,4,5,5,6,5,5,5,5,4,5,5,6,6,6,5,5,5,5,5,6,6,6,6,6,6,3,4,4,4,5,6,6,6,6
11/9/20 13:06,11/9/20 13:09,0,67.81.69.205,100,179,1,11/9/20 13:09,R_3DwfZ8yNMFxHuKw,40.92709351,-72.65090179,anonymous,EN,2,2,2,2,2,7,6,6,6,6,3,4,4,4,4,3,3,3,3,3,6,6,6,6,6,6,6,6,6,6,6,5,5,5,5,7,7,7,7,6,5,5,5,5,5,4,4,4,4,4
11/9/20 15:13,11/9/20 15:18,0,157.49.221.116,100,314,1,11/9/20 15:18,R_3jVh8MbOiBvlXDZ,13.08779907,80.27850342,anonymous,EN,8,8,7,8,7,4,5,4,6,4,9,9,8,8,8,5,4,4,4,5,6,6,6,7,7,6,9,9,9,8,9,7,8,7,7,7,6,7,6,6,7,7,7,7,7,7,7,7,6,6